Rank,Empresa,Chave,Prioridade,Onda,Macroárea,Status,Responsável,Último contato,Próxima ação,Data próxima ação,Canal,Resultado,Observações
1,Schneider Electric,01_schneider_electric,P1,Onda 1,Automação/Energia,Não iniciado,Chefia DEE,,Preparar pacote e enviar 1º contato,,Consultar empresas/contatos_brasil.tex,,
2,Equatorial Energia,04_equatorial_energia,P1,Onda 1,Sistemas de Energia/Smart Grid,Não iniciado,Chefia DEE,,Preparar pacote e enviar 1º contato,,Consultar empresas/contatos_brasil.tex,,
3,Vale,02_vale,P1,Onda 1,Multidisciplinar/Indústria,Não iniciado,Chefia DEE,,Preparar pacote e enviar 1º contato,,Consultar empresas/contatos_brasil.tex,,
4,SEL,32_sel,P1,Onda 1,Proteção/Subestações,Não iniciado,Chefia DEE,,Preparar pacote e enviar 1º contato,,Consultar empresas/contatos_brasil.tex,,
5,WEG,05_weg,P1,Onda 1,Máquinas/Acionamentos,Não iniciado,Chefia DEE,,Preparar pacote e enviar 1º contato,,Consultar empresas/contatos_brasil.tex,,
6,Eneva,03_eneva,P1,Onda 1,Energia/Geração,Não iniciado,Chefia DEE,,Preparar pacote e enviar 1º contato,,Consultar empresas/contatos_brasil.tex,,
7,Alcoa/Alumar,14_alcoa_alumar,P2,Onda 1,Indústria/Manutenção/Energia,Não iniciado,Chefia DEE,,Preparar pacote e enviar 1º contato,,Consultar empresas/contatos_brasil.tex,,
8,Altus,08_altus,P1,Onda 1,Automação,Não iniciado,Chefia DEE,,Preparar pacote e enviar 1º contato,,Consultar empresas/contatos_brasil.tex,,
9,Intelbras,09_intelbras,P1,Onda 1,Redes/IoT/Telecom,Não iniciado,Chefia DEE,,Preparar pacote e enviar 1º contato,,Consultar empresas/contatos_brasil.tex,,
10,Siemens,07_siemens,P1,Onda 1,Automação/Digitalização,Não iniciado,Chefia DEE,,Preparar pacote e enviar 1º contato,,Consultar empresas/contatos_brasil.tex,,
11,Endress+Hauser,35_endress_hauser,P1,Onda 2,Instrumentação,Não iniciado,Chefia DEE,,Preparar material da 2ª onda,,Consultar empresas/contatos_brasil.tex,,
12,Hitachi Energy,16_hitachi_energy,P2,Onda 2,Proteção/Subestações,Não iniciado,Chefia DEE,,Preparar material da 2ª onda,,Consultar empresas/contatos_brasil.tex,,
13,Festo,11_festo,P2,Onda 2,Pneumática/Automação,Não iniciado,Chefia DEE,,Preparar material da 2ª onda,,Consultar empresas/contatos_brasil.tex,,
14,Rockwell Automation,06_rockwell_automation,P1,Onda 2,Automação,Não iniciado,Chefia DEE,,Preparar material da 2ª onda,,Consultar empresas/contatos_brasil.tex,,
15,ABB,13_abb,P2,Onda 2,Automação/Energia,Não iniciado,Chefia DEE,,Preparar material da 2ª onda,,Consultar empresas/contatos_brasil.tex,,
16,Suzano,15_suzano,P2,Onda 2,Indústria/Automação/TI,Não iniciado,Chefia DEE,,Preparar material da 2ª onda,,Consultar empresas/contatos_brasil.tex,,
17,Phoenix Contact,18_phoenix_contact,P2,Onda 2,Automação/Conectividade,Não iniciado,Chefia DEE,,Preparar material da 2ª onda,,Consultar empresas/contatos_brasil.tex,,
18,Eaton,17_eaton,P2,Onda 2,Proteção/Energia,Não iniciado,Chefia DEE,,Preparar material da 2ª onda,,Consultar empresas/contatos_brasil.tex,,
19,Emerson,19_emerson,P2,Onda 2,Instrumentação/Processo,Não iniciado,Chefia DEE,,Preparar material da 2ª onda,,Consultar empresas/contatos_brasil.tex,,
20,Fluke,20_fluke,P2,Onda 2,Medição/Manutenção,Não iniciado,Chefia DEE,,Preparar material da 2ª onda,,Consultar empresas/contatos_brasil.tex,,
21,Rohde & Schwarz,54_rohde_schwarz,P1,Onda 2,Telecom/RF,Não iniciado,Chefia DEE,,Preparar material da 2ª onda,,Consultar empresas/contatos_brasil.tex,,
22,Infineon Technologies,57_infineon,P1,Onda 2,Eletrônica de Potência,Não iniciado,Chefia DEE,,Preparar material da 2ª onda,,Consultar empresas/contatos_brasil.tex,,
23,Texas Instruments,59_texas_instruments,P1,Onda 2,Eletrônica de Potência,Não iniciado,Chefia DEE,,Preparar material da 2ª onda,,Consultar empresas/contatos_brasil.tex,,
24,OMRON,39_omron,P2,Onda 2,Automação/Sensores,Não iniciado,Chefia DEE,,Preparar material da 2ª onda,,Consultar empresas/contatos_brasil.tex,,
25,Beckhoff,40_beckhoff,P2,Onda 2,Automação/EtherCAT,Não iniciado,Chefia DEE,,Preparar material da 2ª onda,,Consultar empresas/contatos_brasil.tex,,
26,WAGO,41_wago,P2,Onda 2,Automação/Conectividade,Não iniciado,Chefia DEE,,Preparar material da 2ª onda,,Consultar empresas/contatos_brasil.tex,,
27,SICK,42_sick,P2,Onda 2,Sensores/Visão,Não iniciado,Chefia DEE,,Preparar material da 2ª onda,,Consultar empresas/contatos_brasil.tex,,
28,ifm electronic,43_ifm,P2,Onda 2,Sensores/IO-Link,Não iniciado,Chefia DEE,,Preparar material da 2ª onda,,Consultar empresas/contatos_brasil.tex,,
29,Balluff,44_balluff,P2,Onda 2,Sensores/RFID,Não iniciado,Chefia DEE,,Preparar material da 2ª onda,,Consultar empresas/contatos_brasil.tex,,
30,Pepperl+Fuchs,45_pepperl_fuchs,P2,Onda 2,Sensores/Instrumentação,Não iniciado,Chefia DEE,,Preparar material da 2ª onda,,Consultar empresas/contatos_brasil.tex,,
31,Weidmüller,46_weidmueller,P2,Onda 2,Conectividade/IIoT,Não iniciado,Chefia DEE,,Preparar material da 2ª onda,,Consultar empresas/contatos_brasil.tex,,
32,Delta Electronics,47_delta_electronics,P2,Onda 2,Automação/Acionamentos,Não iniciado,Chefia DEE,,Preparar material da 2ª onda,,Consultar empresas/contatos_brasil.tex,,
33,Yokogawa,48_yokogawa,P2,Onda 2,Instrumentação/Energia,Não iniciado,Chefia DEE,,Preparar material da 2ª onda,,Consultar empresas/contatos_brasil.tex,,
34,HIOKI,49_hioki,P2,Onda 2,Medição/Energia,Não iniciado,Chefia DEE,,Preparar material da 2ª onda,,Consultar empresas/contatos_brasil.tex,,
35,Megger,50_megger,P2,Onda 2,Ensaios/Proteção,Não iniciado,Chefia DEE,,Preparar material da 2ª onda,,Consultar empresas/contatos_brasil.tex,,
36,Minipa,51_minipa,P2,Onda 2,Medição/Eletrônica,Não iniciado,Chefia DEE,,Preparar material da 2ª onda,,Consultar empresas/contatos_brasil.tex,,
37,Anritsu,55_anritsu,P2,Onda 3,Telecom/RF,Não iniciado,Chefia DEE,,Manter em fila de prospecção,,Consultar empresas/contatos_brasil.tex,,
38,VIAVI Solutions,56_viavi,P2,Onda 3,Telecom/Fibra,Não iniciado,Chefia DEE,,Manter em fila de prospecção,,Consultar empresas/contatos_brasil.tex,,
39,STMicroelectronics,58_stmicroelectronics,P2,Onda 3,Semicondutores/Embarcados,Não iniciado,Chefia DEE,,Manter em fila de prospecção,,Consultar empresas/contatos_brasil.tex,,
40,onsemi,60_onsemi,P2,Onda 3,Semicondutores/Potência,Não iniciado,Chefia DEE,,Manter em fila de prospecção,,Consultar empresas/contatos_brasil.tex,,
41,RIGOL,33_rigol,P2,Onda 3,Instrumentação,Não iniciado,Chefia DEE,,Manter em fila de prospecção,,Consultar empresas/contatos_brasil.tex,,
42,SIGLENT,34_siglent,P2,Onda 3,Instrumentação,Não iniciado,Chefia DEE,,Manter em fila de prospecção,,Consultar empresas/contatos_brasil.tex,,
43,SMC,12_smc,P2,Onda 3,Pneumática/Automação,Não iniciado,Chefia DEE,,Manter em fila de prospecção,,Consultar empresas/contatos_brasil.tex,,
44,Keysight,21_keysight,P3,Onda 3,Eletrônica/RF,Não iniciado,Chefia DEE,,Manter em fila de prospecção,,Consultar empresas/contatos_brasil.tex,,
45,Tektronix/Keithley,22_tektronix_keithley,P3,Onda 3,Eletrônica/Medição,Não iniciado,Chefia DEE,,Manter em fila de prospecção,,Consultar empresas/contatos_brasil.tex,,
46,National Instruments,23_national_instruments,P3,Onda 3,DAQ/Pesquisa,Não iniciado,Chefia DEE,,Manter em fila de prospecção,,Consultar empresas/contatos_brasil.tex,,
47,Yaskawa,24_yaskawa,P3,Onda 3,Robótica/Drives,Não iniciado,Chefia DEE,,Manter em fila de prospecção,,Consultar empresas/contatos_brasil.tex,,
48,Mitsubishi Electric,25_mitsubishi_electric,P3,Onda 3,Automação/Robótica,Não iniciado,Chefia DEE,,Manter em fila de prospecção,,Consultar empresas/contatos_brasil.tex,,
49,Bosch Rexroth,26_bosch_rexroth,P3,Onda 3,Hidráulica/Automação,Não iniciado,Chefia DEE,,Manter em fila de prospecção,,Consultar empresas/contatos_brasil.tex,,
50,Cisco,27_cisco,P3,Onda 3,Redes/Cibersegurança,Não iniciado,Chefia DEE,,Manter em fila de prospecção,,Consultar empresas/contatos_brasil.tex,,
51,Huawei,28_huawei,P3,Onda 3,Telecom/Redes/Energia,Não iniciado,Chefia DEE,,Manter em fila de prospecção,,Consultar empresas/contatos_brasil.tex,,
52,Dell Technologies,29_dell_technologies,P3,Onda 3,Computação,Não iniciado,Chefia DEE,,Manter em fila de prospecção,,Consultar empresas/contatos_brasil.tex,,
53,Lenovo,30_lenovo,P3,Onda 3,Computação,Não iniciado,Chefia DEE,,Manter em fila de prospecção,,Consultar empresas/contatos_brasil.tex,,
54,Instrutherm,52_instrutherm,P3,Onda 3,Instrumentação,Não iniciado,Chefia DEE,,Manter em fila de prospecção,,Consultar empresas/contatos_brasil.tex,,
55,Pico Technology,53_pico_technology,P3,Onda 3,Osciloscopia/DAQ,Não iniciado,Chefia DEE,,Manter em fila de prospecção,,Consultar empresas/contatos_brasil.tex,,
56,FNIRSI,31_fnirsi,P2,Onda 3,Instrumentação/Eletrônica,Não iniciado,Chefia DEE,,Manter em fila de prospecção,,Consultar empresas/contatos_brasil.tex,,
57,Universal Robots,36_universal_robots,P2,Onda 3,Robótica,Não iniciado,Chefia DEE,,Manter em fila de prospecção,,Consultar empresas/contatos_brasil.tex,,
58,FANUC,37_fanuc,P2,Onda 3,Robótica,Não iniciado,Chefia DEE,,Manter em fila de prospecção,,Consultar empresas/contatos_brasil.tex,,
59,KUKA,38_kuka,P2,Onda 3,Robótica,Não iniciado,Chefia DEE,,Manter em fila de prospecção,,Consultar empresas/contatos_brasil.tex,,
60,Petrobras,10_petrobras,P1,Onda 3,TI/Pesquisa/Energia,Não iniciado,Chefia DEE,,Manter em fila de prospecção,,Consultar empresas/contatos_brasil.tex,,
