Nome do laboratório,Macroárea,Pavimento,Sala,Responsável,Principais cursos,Principais usos,Status de conferência
Laboratório de Automação e Instrumentação,Automação,,,,Automação e Engenharia Elétrica,CLPs instrumentação redes robótica e pesquisa,Nome a confirmar
Laboratório de Sistemas Digitais,Eletrônica,,,,Eletrônica Automação e Engenharia Elétrica,Sistemas digitais embarcados IoT IA e prototipagem,Nome conhecido; demais campos a confirmar
Laboratório de Máquinas Elétricas,Eletrotécnica,,,,Eletrotécnica e Engenharia Elétrica,Motores transformadores ensaios e pesquisa,Nome conhecido; demais campos a confirmar
Laboratório de Comandos Elétricos,Eletrotécnica,,,,Eletrotécnica Automação e Engenharia Elétrica,Comandos acionamentos motores e ensaios,Nome conhecido; demais campos a confirmar
Laboratório de Instalações e Medidas Elétricas,Eletrotécnica,,,,Eletrotécnica e Engenharia Elétrica,Instalações medidas circuitos qualidade de energia e pesquisa,Nome conhecido; demais campos a confirmar
Laboratório de Sistemas de Energia,Sistemas de Energia,,,,Engenharia Elétrica,Proteção subestações redes inteligentes e geração distribuída,Nome a confirmar
Laboratório de Telecomunicações e RF,Eletrônica e Telecomunicações,,,,Eletrônica e Engenharia Elétrica,RF redes fibra óptica e comunicações,Nome a confirmar
Laboratório de Eletrônica de Potência,Eletrônica e Eletrotécnica,,,,Eletrônica Automação e Engenharia Elétrica,Conversores semicondutores acionamentos e pesquisa,Nome a confirmar
Laboratório EmbarcaTech,Eletrônica e Sistemas Embarcados,Térreo,,,Eletrônica Automação e Engenharia Elétrica,Sistemas embarcados IoT sensores IA e projetos,Denominação e localização a confirmar
